Probability of Increase,Probability of Decrease
0.4669906844876468,0.5330093155123532
