Probability of Increase,Probability of Decrease
0.4575757575757576,0.5424242424242425
