Probability of Increase,Probability of Decrease
0.4643939393939394,0.5356060606060606
