Probability of Increase,Probability of Decrease
0.4287878787878788,0.5712121212121213
