Probability of Increase,Probability of Decrease
0.2151029748283753,0.7848970251716247
